op_id,egc_id,need,mono_flag
001,E1,0.1,0
002,E1,0.12,0
003,E1,1.57,0
004,E1,0.11,0
005,E1,0.48,0
006,E1,1.02,0
007,E1,1.4,0
008,E1,1.94,0
010,E1,3.01,0
013,E1,2.75,0
014,E1,0.13,0
015,E1,0.49,0
017,E1,2.81,0
018,E1,3.26,0
020,E1,1.6,0
054,E1,4.41,0
063,E1,2.91,0
067,E1,3.04,0
101,E1,2.61,0
115,E1,2.56,0
127,E1,2.4,1
170,E1,2.38,0
176,E1,0.48,0
195,E1,0.13,0
207,E1,3.39,0
220,E1,0.91,0
236,E1,2.13,0
271,E1,0.05,0
314,E1,0.05,0
320,E1,2.73,0
344,E1,2.94,0
365,E1,2.31,0
422,E1,2.54,0
426,E1,3.07,0
446,E1,2.29,0
476,E1,2.6,0
494,E1,1.1,0
001,E2,0.15,0
002,E2,1.99,0
003,E2,0.19,0
004,E2,0.13,0
005,E2,1.96,0
006,E2,4.27,0
007,E2,2.63,0
008,E2,2.64,0
010,E2,3.94,0
013,E2,3.26,0
015,E2,2.24,0
017,E2,2.64,0
018,E2,0.07,0
020,E2,3.17,0
021,E2,0.05,0
024,E2,2.84,0
078,E2,1.96,0
081,E2,1.2,0
092,E2,2.85,0
139,E2,1.49,0
156,E2,2.1,0
184,E2,2.36,0
192,E2,0.82,0
199,E2,3.21,0
203,E2,2.37,0
214,E2,2.49,0
224,E2,1.9,0
251,E2,3.29,0
256,E2,2.99,0
258,E2,4.0,0
263,E2,3.45,0
277,E2,2.82,0
310,E2,3.79,0
312,E2,2.05,0
319,E2,2.7,0
349,E2,2.53,0
385,E2,2.12,0
420,E2,2.42,0
432,E2,4.5,0
434,E2,3.42,0
456,E2,1.72,0
492,E2,2.24,0
001,E3,0.16,0
002,E3,0.34,0
003,E3,4.42,0
004,E3,0.08,0
005,E3,0.02,0
006,E3,1.8,0
007,E3,1.69,0
008,E3,1.36,0
009,E3,4.41,0
010,E3,3.13,0
014,E3,0.69,0
020,E3,3.43,0
023,E3,3.74,0
046,E3,4.5,0
052,E3,2.65,0
061,E3,4.5,0
140,E3,2.38,0
166,E3,2.09,0
167,E3,2.91,0
168,E3,3.78,0
187,E3,3.5,0
206,E3,2.73,0
213,E3,2.86,0
230,E3,2.94,0
240,E3,0.31,0
248,E3,3.73,0
254,E3,1.22,0
262,E3,3.21,0
279,E3,0.43,0
367,E3,0.05,0
389,E3,2.12,0
432,E3,2.36,0
492,E3,2.87,0
001,E4,0.9,0
002,E4,0.01,0
003,E4,2.0,0
004,E4,0.07,0
005,E4,0.13,0
007,E4,0.3,0
009,E4,1.89,0
016,E4,3.59,0
022,E4,0.97,0
029,E4,2.21,0
037,E4,0.51,0
052,E4,1.85,0
072,E4,2.85,0
086,E4,2.82,0
106,E4,1.98,0
132,E4,0.55,0
163,E4,0.91,0
168,E4,1.0,0
220,E4,4.5,0
244,E4,0.63,0
332,E4,3.76,0
343,E4,2.32,0
359,E4,3.08,0
372,E4,1.68,0
388,E4,3.22,0
422,E4,1.87,0
426,E4,1.86,0
443,E4,1.62,0
459,E4,4.5,0
470,E4,1.43,0
001,E5,0.7,0
002,E5,1.66,0
003,E5,0.04,0
004,E5,0.11,0
005,E5,0.43,0
006,E5,3.87,0
007,E5,0.93,0
008,E5,1.11,0
010,E5,2.62,0
014,E5,3.5,0
017,E5,3.04,0
037,E5,2.56,0
044,E5,1.56,0
086,E5,2.96,0
087,E5,3.88,0
095,E5,3.23,0
109,E5,4.22,0
110,E5,3.01,0
116,E5,3.07,0
117,E5,2.09,0
140,E5,1.69,0
148,E5,3.62,0
172,E5,0.05,0
183,E5,2.48,0
243,E5,3.02,0
252,E5,4.13,0
264,E5,1.53,0
277,E5,3.01,0
301,E5,2.83,0
387,E5,4.5,0
393,E5,0.77,0
472,E5,1.75,0
480,E5,2.53,0
494,E5,2.07,0
001,E6,0.6,0
002,E6,0.13,0
003,E6,2.11,0
004,E6,2.29,0
005,E6,3.72,0
006,E6,0.67,0
007,E6,0.94,0
008,E6,2.37,0
009,E6,2.21,0
010,E6,3.78,0
011,E6,1.85,0
012,E6,1.79,0
013,E6,3.82,0
017,E6,3.79,0
018,E6,2.82,0
019,E6,1.75,0
035,E6,0.32,0
052,E6,3.35,0
088,E6,1.96,0
130,E6,2.64,0
155,E6,2.4,0
168,E6,3.13,0
251,E6,0.98,0
257,E6,2.74,0
270,E6,2.54,0
319,E6,2.48,0
321,E6,1.36,0
337,E6,2.35,0
351,E6,1.54,0
377,E6,1.08,0
396,E6,2.93,0
474,E6,1.18,0
482,E6,1.86,0
497,E6,1.9,0
016,E7,1.27,0
027,E7,2.74,0
033,E7,3.77,0
041,E7,1.98,0
062,E7,1.6,0
077,E7,2.46,0
105,E7,4.5,0
145,E7,2.59,0
188,E7,1.61,0
196,E7,1.73,0
227,E7,3.99,0
240,E7,2.07,0
243,E7,3.04,0
270,E7,1.72,0
294,E7,1.83,0
316,E7,2.67,0
329,E7,3.24,0
341,E7,2.39,0
354,E7,2.15,0
365,E7,2.47,0
388,E7,4.38,0
425,E7,2.59,0
435,E7,0.05,0
441,E7,3.4,0
495,E7,2.53,1
496,E7,2.66,0
012,E8,3.32,0
015,E8,3.07,0
018,E8,2.67,0
076,E8,0.57,0
082,E8,1.46,0
093,E8,1.09,0
132,E8,4.5,0
146,E8,1.58,0
154,E8,2.77,0
160,E8,1.64,0
175,E8,3.53,0
299,E8,4.5,0
319,E8,3.14,0
328,E8,3.14,0
380,E8,1.96,0
389,E8,3.64,0
419,E8,1.08,0
420,E8,1.67,0
442,E8,0.81,0
482,E8,2.18,0
486,E8,3.92,0
491,E8,1.15,0
013,E9,3.25,0
014,E9,3.45,0
015,E9,4.13,0
016,E9,0.04,0
020,E9,4.48,0
043,E9,1.58,0
078,E9,3.72,0
098,E9,1.35,0
100,E9,1.83,0
115,E9,3.57,0
151,E9,3.34,0
152,E9,0.05,0
155,E9,2.47,0
161,E9,2.52,0
182,E9,3.12,0
189,E9,1.47,0
194,E9,1.66,0
234,E9,2.29,0
262,E9,1.96,0
267,E9,2.77,0
354,E9,2.85,0
366,E9,1.41,0
368,E9,2.67,0
372,E9,0.7,0
392,E9,3.06,0
394,E9,1.57,0
395,E9,3.69,0
417,E9,2.34,0
438,E9,3.79,0
442,E9,1.59,0
451,E9,2.52,0
452,E9,3.72,0
014,E10,0.78,0
016,E10,1.95,0
017,E10,0.37,0
045,E10,2.5,0
069,E10,1.94,0
099,E10,0.05,0
128,E10,0.76,0
138,E10,3.63,0
180,E10,0.05,0
203,E10,1.27,0
219,E10,0.05,0
221,E10,3.14,0
237,E10,1.65,0
242,E10,2.98,0
250,E10,2.38,0
266,E10,1.17,0
302,E10,3.45,0
312,E10,2.28,0
313,E10,3.34,0
338,E10,1.38,0
340,E10,3.77,0
386,E10,2.94,0
410,E10,0.98,0
413,E10,2.21,0
414,E10,0.05,0
418,E10,3.1,0
450,E10,1.91,0
002,E11,2.61,0
009,E11,1.42,0
022,E11,1.53,0
032,E11,2.18,0
040,E11,4.5,0
045,E11,2.19,0
049,E11,1.58,0
050,E11,1.78,0
053,E11,3.01,0
083,E11,1.17,0
091,E11,2.28,0
126,E11,3.5,0
157,E11,0.57,0
229,E11,1.22,0
237,E11,1.64,0
249,E11,2.85,0
274,E11,1.86,0
308,E11,1.48,0
315,E11,3.28,0
348,E11,2.19,0
374,E11,1.92,0
418,E11,1.88,0
423,E11,4.03,0
437,E11,1.33,0
456,E11,4.5,0
460,E11,1.99,0
468,E11,0.05,0
471,E11,4.49,0
473,E11,1.94,0
476,E11,4.2,0
479,E11,2.24,0
003,E12,3.65,0
027,E12,2.5,0
036,E12,4.5,0
058,E12,2.42,0
219,E12,4.5,0
221,E12,3.23,0
226,E12,2.57,0
229,E12,1.42,0
230,E12,2.85,0
258,E12,2.6,0
285,E12,4.5,0
295,E12,2.25,0
340,E12,3.57,0
373,E12,1.57,0
377,E12,4.39,0
397,E12,2.6,0
401,E12,0.57,0
403,E12,2.88,0
412,E12,3.66,0
009,E13,1.8,0
021,E13,2.98,0
030,E13,2.28,0
031,E13,2.65,0
057,E13,0.31,0
088,E13,1.32,0
092,E13,4.5,0
103,E13,2.32,0
120,E13,0.66,0
135,E13,2.49,0
144,E13,3.5,0
150,E13,2.33,0
174,E13,0.73,0
184,E13,1.33,0
206,E13,0.05,0
207,E13,2.91,0
217,E13,2.68,0
231,E13,1.23,0
240,E13,1.88,0
252,E13,4.17,0
259,E13,4.42,0
288,E13,4.5,0
324,E13,2.82,0
325,E13,4.07,0
337,E13,4.5,0
347,E13,4.5,0
358,E13,0.49,0
360,E13,1.24,0
370,E13,1.97,0
373,E13,1.88,0
396,E13,3.52,0
420,E13,0.05,0
439,E13,0.96,0
455,E13,3.45,0
469,E13,4.5,0
492,E13,2.58,0
046,E14,3.29,0
047,E14,3.16,0
068,E14,3.13,0
078,E14,1.02,0
089,E14,2.97,0
102,E14,1.83,0
103,E14,4.5,0
158,E14,4.5,0
196,E14,4.15,0
197,E14,1.94,0
216,E14,3.24,0
226,E14,2.53,0
231,E14,1.82,0
238,E14,1.55,0
256,E14,2.27,0
301,E14,4.5,0
304,E14,1.78,0
313,E14,2.92,0
328,E14,4.5,0
339,E14,3.45,0
342,E14,2.46,0
347,E14,2.51,0
386,E14,4.5,0
389,E14,4.5,0
402,E14,2.09,0
415,E14,0.05,0
436,E14,1.13,0
477,E14,2.6,0
478,E14,3.57,0
492,E14,4.09,0
007,E15,1.44,0
038,E15,0.17,0
047,E15,4.5,0
048,E15,2.25,0
055,E15,0.6,0
062,E15,2.92,0
087,E15,3.93,0
095,E15,1.94,0
104,E15,3.23,0
117,E15,3.66,0
133,E15,1.24,0
173,E15,2.49,0
184,E15,4.01,0
189,E15,1.75,0
203,E15,0.05,0
231,E15,3.85,0
245,E15,1.92,0
263,E15,2.57,0
289,E15,2.62,0
291,E15,4.26,0
304,E15,1.91,0
308,E15,1.26,0
310,E15,2.97,0
327,E15,2.89,0
335,E15,3.63,0
369,E15,0.05,0
373,E15,1.37,0
382,E15,1.72,0
397,E15,3.06,0
418,E15,1.63,0
429,E15,4.5,0
431,E15,1.93,0
445,E15,3.0,0
486,E15,1.83,0
014,E16,3.29,0
036,E16,3.04,0
043,E16,2.5,0
064,E16,3.6,0
094,E16,1.5,0
105,E16,2.17,0
109,E16,3.81,0
153,E16,1.26,0
181,E16,3.55,0
216,E16,1.87,0
217,E16,1.58,0
219,E16,3.27,0
241,E16,0.67,0
255,E16,1.17,0
269,E16,3.89,0
290,E16,1.51,0
294,E16,1.35,0
312,E16,2.74,0
335,E16,3.16,0
381,E16,2.41,0
404,E16,3.42,0
423,E16,2.33,0
447,E16,1.64,0
457,E16,1.62,0
466,E16,3.87,0
491,E16,2.99,0
492,E16,4.5,0
001,E17,2.45,0
048,E17,0.29,0
069,E17,3.31,0
113,E17,2.75,0
158,E17,2.25,0
164,E17,3.27,0
165,E17,3.1,0
172,E17,2.17,0
222,E17,3.47,0
238,E17,2.21,0
251,E17,2.63,0
283,E17,1.26,0
318,E17,3.89,0
324,E17,1.72,0
376,E17,2.34,0
407,E17,2.09,0
465,E17,0.5,0
470,E17,4.05,0
471,E17,0.62,0
494,E17,1.83,0
008,E18,1.16,0
061,E18,0.59,0
076,E18,1.76,0
093,E18,0.07,0
150,E18,2.69,0
175,E18,2.84,0
198,E18,2.38,0
201,E18,1.44,0
235,E18,3.4,0
263,E18,0.05,0
281,E18,3.97,0
308,E18,3.02,0
325,E18,2.38,0
326,E18,2.93,0
383,E18,2.73,0
388,E18,2.94,0
403,E18,2.72,0
417,E18,4.43,0
421,E18,1.75,0
431,E18,4.13,0
439,E18,3.2,0
471,E18,1.07,0
015,E19,4.2,0
022,E19,2.24,0
049,E19,2.07,0
086,E19,1.37,0
101,E19,2.56,0
106,E19,2.43,0
116,E19,2.6,0
133,E19,2.74,0
165,E19,3.91,0
217,E19,1.52,0
289,E19,0.29,0
311,E19,3.12,0
356,E19,1.72,0
370,E19,2.57,0
395,E19,3.19,0
397,E19,3.49,0
406,E19,1.92,0
410,E19,3.42,0
444,E19,3.02,0
448,E19,2.45,1
005,E20,1.95,0
007,E20,3.31,0
009,E20,2.51,0
012,E20,3.31,0
015,E20,3.73,0
026,E20,1.12,0
043,E20,2.18,0
067,E20,3.2,0
103,E20,3.08,0
104,E20,0.29,0
145,E20,2.47,0
151,E20,2.28,0
161,E20,3.57,0
194,E20,1.78,0
220,E20,0.55,0
249,E20,3.65,0
286,E20,0.05,0
312,E20,0.13,0
332,E20,2.19,0
342,E20,1.93,0
353,E20,3.03,0
361,E20,2.5,0
365,E20,4.32,0
368,E20,2.7,0
393,E20,3.63,0
429,E20,3.19,0
433,E20,4.5,0
497,E20,3.67,0
044,E21,2.06,0
068,E21,2.67,0
113,E21,4.01,0
141,E21,0.05,0
147,E21,2.5,0
223,E21,2.7,0
227,E21,1.4,0
240,E21,0.05,0
282,E21,2.76,0
293,E21,2.14,0
301,E21,2.6,0
324,E21,0.4,0
370,E21,3.76,0
374,E21,2.51,0
434,E21,2.47,0
443,E21,3.05,0
446,E21,2.16,0
021,E22,1.47,0
085,E22,2.38,1
104,E22,3.22,0
106,E22,2.7,0
130,E22,3.17,0
144,E22,1.31,0
203,E22,3.06,0
241,E22,4.02,0
300,E22,1.97,0
301,E22,2.18,0
371,E22,3.12,0
415,E22,0.05,0
438,E22,3.57,0
444,E22,1.97,0
462,E22,3.01,0
496,E22,3.8,0
015,E23,2.85,0
025,E23,1.99,0
029,E23,3.96,0
046,E23,1.94,0
077,E23,2.63,0
095,E23,2.66,0
100,E23,2.41,0
142,E23,1.23,0
147,E23,2.31,0
172,E23,2.1,0
175,E23,2.67,0
198,E23,0.05,0
208,E23,1.4,0
213,E23,2.54,0
249,E23,2.54,0
342,E23,0.05,0
372,E23,2.08,0
384,E23,3.17,0
421,E23,1.88,0
425,E23,3.41,0
426,E23,2.12,0
430,E23,1.03,0
455,E23,2.39,0
459,E23,1.58,0
003,E24,0.16,0
033,E24,2.87,0
035,E24,1.85,0
056,E24,2.55,0
059,E24,2.94,0
069,E24,1.5,0
075,E24,1.19,0
101,E24,3.92,0
102,E24,2.83,0
123,E24,0.23,0
145,E24,1.01,0
153,E24,3.11,0
165,E24,2.5,0
199,E24,2.55,0
238,E24,3.02,0
240,E24,2.72,0
241,E24,4.5,0
247,E24,2.96,0
257,E24,2.9,0
259,E24,3.55,0
277,E24,3.59,0
290,E24,4.5,0
312,E24,2.38,0
324,E24,3.52,0
341,E24,3.08,0
440,E24,2.28,0
469,E24,3.58,0
470,E24,0.05,0
472,E24,2.5,0
002,E25,0.19,0
021,E25,2.09,0
022,E25,2.99,0
023,E25,4.5,0
102,E25,2.74,0
134,E25,1.58,0
176,E25,1.56,0
195,E25,3.44,0
256,E25,3.73,0
282,E25,3.67,0
297,E25,0.49,0
336,E25,3.83,0
353,E25,3.31,0
358,E25,3.88,0
385,E25,0.05,0
390,E25,1.13,0
440,E25,2.57,0
458,E25,1.77,0
468,E25,2.23,0
472,E25,1.99,0
492,E25,2.02,0
035,E26,1.45,0
036,E26,1.55,0
047,E26,1.29,0
060,E26,1.84,0
103,E26,1.18,0
115,E26,0.35,0
209,E26,4.5,0
226,E26,3.03,0
234,E26,4.08,0
236,E26,3.83,0
290,E26,2.29,0
292,E26,2.75,0
301,E26,2.62,0
303,E26,3.58,0
313,E26,0.05,0
326,E26,3.55,0
338,E26,4.32,0
346,E26,2.55,0
367,E26,1.19,0
425,E26,2.33,0
441,E26,4.5,0
449,E26,1.91,0
479,E26,1.59,0
005,E27,3.3,0
010,E27,2.04,0
036,E27,0.41,0
061,E27,3.11,0
078,E27,2.13,0
099,E27,1.56,0
107,E27,2.03,1
124,E27,3.13,0
144,E27,2.44,0
182,E27,2.14,0
189,E27,3.23,0
191,E27,1.99,0
219,E27,3.87,0
235,E27,3.72,0
252,E27,3.42,0
266,E27,1.87,0
271,E27,2.63,0
280,E27,2.72,0
283,E27,2.73,0
288,E27,1.77,0
296,E27,1.55,0
313,E27,3.94,0
332,E27,3.1,0
347,E27,2.23,0
364,E27,2.39,0
400,E27,2.28,0
405,E27,4.16,0
426,E27,3.55,0
485,E27,1.74,0
492,E27,2.49,0
005,E28,3.62,0
015,E28,2.69,0
034,E28,3.79,0
060,E28,3.42,0
062,E28,4.12,0
158,E28,3.76,0
192,E28,1.26,0
204,E28,3.73,0
215,E28,1.69,0
227,E28,0.54,0
240,E28,3.24,0
252,E28,0.29,0
256,E28,0.05,0
304,E28,2.24,0
309,E28,2.43,0
320,E28,2.0,0
322,E28,1.76,0
365,E28,2.23,0
378,E28,2.78,0
386,E28,2.73,0
424,E28,2.05,0
449,E28,3.3,0
479,E28,3.93,0
489,E28,3.16,0
043,E29,2.88,0
053,E29,2.66,0
062,E29,2.99,0
074,E29,1.73,0
097,E29,1.93,0
113,E29,0.05,0
116,E29,3.25,0
134,E29,1.85,0
185,E29,3.75,0
194,E29,3.22,0
195,E29,1.82,0
202,E29,2.33,0
215,E29,2.15,0
235,E29,2.64,0
260,E29,3.4,0
262,E29,1.73,0
288,E29,3.23,0
291,E29,1.26,0
321,E29,2.16,0
322,E29,2.97,0
328,E29,2.93,0
347,E29,3.07,0
389,E29,3.33,0
406,E29,2.26,0
407,E29,1.81,0
408,E29,3.26,0
457,E29,2.34,0
462,E29,2.08,0
465,E29,1.96,0
476,E29,2.55,0
477,E29,1.38,0
488,E29,3.68,0
494,E29,4.5,0
500,E29,1.97,0
027,E30,2.83,0
044,E30,3.34,0
102,E30,2.04,0
130,E30,2.39,0
132,E30,3.5,0
144,E30,1.57,0
147,E30,2.38,0
155,E30,3.63,0
185,E30,0.05,0
197,E30,1.75,0
207,E30,1.78,0
210,E30,3.06,0
223,E30,2.93,0
233,E30,3.71,0
254,E30,3.91,0
258,E30,4.5,0
272,E30,2.18,0
285,E30,1.77,0
293,E30,0.43,0
307,E30,2.55,0
318,E30,2.6,0
336,E30,1.81,0
369,E30,4.5,0
372,E30,2.72,0
385,E30,1.67,0
392,E30,2.49,0
399,E30,2.49,0
438,E30,3.46,0
457,E30,3.86,0
465,E30,1.24,0
485,E30,1.77,0
031,E31,1.56,0
063,E31,2.05,0
079,E31,0.52,0
098,E31,0.05,0
124,E31,1.91,0
191,E31,3.6,0
195,E31,3.47,0
242,E31,2.08,0
254,E31,2.42,0
260,E31,2.06,0
264,E31,2.87,0
272,E31,2.42,0
285,E31,3.04,0
305,E31,3.71,0
347,E31,2.72,0
353,E31,2.67,0
392,E31,0.77,0
412,E31,1.77,0
417,E31,3.36,0
036,E32,1.8,0
046,E32,2.09,0
047,E32,2.39,0
050,E32,2.35,0
063,E32,3.85,0
091,E32,0.44,0
092,E32,1.5,0
134,E32,0.45,0
149,E32,2.97,0
170,E32,0.88,0
177,E32,3.42,0
201,E32,1.87,0
224,E32,1.63,0
226,E32,2.34,0
252,E32,2.21,0
253,E32,1.3,0
259,E32,2.16,0
263,E32,3.65,0
291,E32,2.43,0
292,E32,1.16,0
301,E32,2.55,0
318,E32,2.08,0
330,E32,2.25,0
332,E32,3.62,0
336,E32,0.63,0
360,E32,0.07,0
370,E32,2.34,0
449,E32,4.25,0
454,E32,2.26,1
471,E32,4.41,0
480,E32,1.48,0
482,E32,1.41,0
492,E32,3.48,0
493,E32,2.85,0
023,E33,3.46,0
027,E33,2.48,0
034,E33,2.56,0
116,E33,0.97,0
133,E33,2.79,0
167,E33,2.09,0
179,E33,1.42,0
197,E33,4.5,0
211,E33,1.75,1
244,E33,2.23,0
251,E33,2.09,0
294,E33,3.41,0
308,E33,3.81,0
335,E33,1.03,0
350,E33,1.65,0
354,E33,0.88,0
386,E33,2.9,0
391,E33,1.96,0
392,E33,4.5,0
397,E33,3.16,0
402,E33,1.43,0
413,E33,4.49,0
438,E33,1.71,0
466,E33,3.62,0
500,E33,3.41,0
001,E34,3.03,0
006,E34,3.42,0
061,E34,2.12,0
069,E34,2.67,0
123,E34,2.58,0
133,E34,1.27,0
137,E34,1.89,0
205,E34,1.77,0
240,E34,2.27,0
242,E34,2.09,0
298,E34,2.2,0
300,E34,3.49,0
310,E34,1.91,0
315,E34,1.68,0
318,E34,3.86,0
341,E34,4.35,0
368,E34,3.88,0
378,E34,0.05,0
424,E34,0.22,0
426,E34,2.27,0
430,E34,3.03,0
458,E34,2.07,0
474,E34,2.34,0
497,E34,2.76,0
040,E35,3.77,0
058,E35,3.94,0
060,E35,4.06,0
072,E35,2.41,0
080,E35,2.03,0
096,E35,2.92,0
099,E35,0.71,0
135,E35,0.95,0
175,E35,3.53,0
182,E35,3.0,0
189,E35,2.49,0
202,E35,3.42,0
246,E35,2.66,0
259,E35,2.0,0
305,E35,3.19,0
337,E35,2.5,0
379,E35,0.59,0
430,E35,2.5,0
459,E35,0.57,0
475,E35,2.01,0
476,E35,1.57,0
036,E36,2.1,0
076,E36,2.54,0
106,E36,4.03,0
180,E36,2.88,0
185,E36,3.28,0
197,E36,2.94,0
202,E36,2.24,0
249,E36,3.64,0
282,E36,1.87,0
286,E36,2.95,0
303,E36,1.41,0
306,E36,0.05,0
318,E36,1.32,0
335,E36,0.9,0
340,E36,1.75,0
349,E36,1.18,0
350,E36,3.35,0
361,E36,3.64,0
388,E36,2.77,0
396,E36,3.12,0
407,E36,1.54,0
436,E36,2.05,0
467,E36,3.01,0
476,E36,4.16,0
011,E37,1.73,0
074,E37,2.82,0
164,E37,1.51,0
169,E37,2.98,0
187,E37,3.58,0
202,E37,1.81,0
221,E37,3.0,0
230,E37,3.08,0
245,E37,4.18,0
246,E37,1.93,0
248,E37,0.05,0
309,E37,3.45,0
312,E37,0.38,0
313,E37,2.8,0
335,E37,1.17,0
414,E37,1.22,0
434,E37,1.61,0
438,E37,1.17,0
499,E37,4.31,0
101,E38,0.81,0
148,E38,0.65,0
238,E38,4.5,0
256,E38,2.93,0
336,E38,2.13,0
338,E38,3.85,0
361,E38,2.02,0
367,E38,2.39,0
373,E38,3.0,0
385,E38,0.52,0
432,E38,3.38,0
467,E38,3.2,0
002,E39,3.07,0
051,E39,1.43,0
054,E39,3.66,0
076,E39,1.82,0
079,E39,3.05,0
101,E39,2.87,0
132,E39,3.17,0
154,E39,0.06,0
165,E39,4.5,0
175,E39,1.95,0
183,E39,0.7,0
237,E39,4.36,0
247,E39,2.05,0
248,E39,4.18,0
302,E39,3.95,0
322,E39,1.08,0
327,E39,2.88,0
350,E39,1.89,0
376,E39,2.18,0
378,E39,0.12,0
384,E39,1.48,0
455,E39,3.1,0
468,E39,0.36,0
485,E39,3.28,0
500,E39,2.47,0
005,E40,3.08,0
009,E40,3.55,0
027,E40,3.03,0
043,E40,1.57,0
077,E40,3.51,0
080,E40,4.49,0
100,E40,2.0,0
110,E40,1.58,0
113,E40,4.01,0
159,E40,1.96,0
174,E40,3.65,0
203,E40,3.55,0
212,E40,0.76,0
237,E40,1.21,0
246,E40,2.03,0
251,E40,2.28,0
257,E40,0.45,0
303,E40,3.27,0
341,E40,3.06,0
412,E40,2.56,0
452,E40,2.18,0
462,E40,4.16,0
472,E40,1.62,0
475,E40,0.97,0
479,E40,2.54,0
494,E40,0.69,0
499,E40,3.2,0
047,E41,2.73,0
070,E41,3.31,0
108,E41,1.77,0
150,E41,2.84,0
156,E41,1.94,0
160,E41,3.32,0
175,E41,3.77,0
201,E41,3.02,0
210,E41,4.04,0
226,E41,3.51,0
274,E41,1.1,0
277,E41,1.49,0
303,E41,3.75,0
325,E41,2.93,0
330,E41,4.43,0
337,E41,1.28,0
362,E41,2.83,0
381,E41,2.69,0
411,E41,4.29,0
412,E41,2.26,0
419,E41,4.06,0
453,E41,2.34,0
484,E41,1.87,0
009,E42,0.7,0
051,E42,2.47,0
064,E42,1.72,0
114,E42,3.13,0
119,E42,3.16,0
124,E42,2.77,0
152,E42,3.96,0
154,E42,0.91,0
171,E42,2.12,0
172,E42,2.68,0
185,E42,4.46,0
231,E42,2.99,0
232,E42,1.45,0
233,E42,2.15,0
242,E42,3.02,0
265,E42,0.98,0
266,E42,3.04,0
271,E42,3.41,0
324,E42,3.28,0
328,E42,1.06,0
343,E42,2.77,0
353,E42,1.57,0
363,E42,2.89,0
379,E42,4.02,0
393,E42,3.29,0
432,E42,0.89,0
435,E42,1.8,0
455,E42,1.59,0
482,E42,2.05,0
493,E42,1.98,0
013,E43,2.3,0
030,E43,2.12,0
064,E43,1.5,0
073,E43,1.21,0
081,E43,3.55,0
157,E43,3.77,0
162,E43,1.36,0
194,E43,1.25,0
198,E43,3.71,0
199,E43,1.37,0
202,E43,0.41,0
235,E43,1.74,0
290,E43,1.43,0
324,E43,2.45,0
325,E43,1.9,0
335,E43,2.46,0
358,E43,3.12,0
363,E43,4.17,0
381,E43,2.21,0
402,E43,0.05,0
424,E43,2.2,0
464,E43,1.49,1
473,E43,3.29,0
487,E43,2.35,0
493,E43,1.19,0
498,E43,0.05,0
012,E44,3.07,0
027,E44,2.25,0
032,E44,2.7,0
080,E44,2.15,0
100,E44,0.4,0
109,E44,1.82,0
120,E44,2.92,0
135,E44,1.83,0
152,E44,2.36,0
162,E44,4.0,0
174,E44,3.01,0
194,E44,1.38,0
231,E44,3.47,0
234,E44,1.85,0
280,E44,1.49,0
302,E44,4.5,0
332,E44,2.39,0
354,E44,1.95,0
378,E44,2.47,0
404,E44,3.67,0
426,E44,3.18,0
429,E44,1.67,0
437,E44,4.21,0
451,E44,2.28,0
472,E44,0.82,0
474,E44,3.45,0
496,E44,3.68,0
007,E45,3.53,0
035,E45,1.57,0
057,E45,2.64,0
061,E45,3.04,0
080,E45,1.88,0
105,E45,3.15,0
146,E45,2.68,0
159,E45,1.53,0
190,E45,2.15,0
208,E45,2.01,0
247,E45,0.68,0
255,E45,3.01,0
265,E45,2.83,0
275,E45,2.99,0
276,E45,0.11,0
279,E45,2.71,0
287,E45,2.03,0
302,E45,3.05,0
313,E45,1.82,0
319,E45,3.33,0
333,E45,2.3,0
346,E45,3.84,0
409,E45,2.73,0
438,E45,2.16,0
441,E45,2.7,0
459,E45,2.74,0
479,E45,2.28,0
489,E45,0.05,0
013,E46,3.75,0
030,E46,2.38,0
048,E46,3.7,0
049,E46,2.22,0
055,E46,0.6,0
062,E46,4.27,0
074,E46,2.93,0
090,E46,3.32,0
093,E46,4.06,0
096,E46,1.46,0
116,E46,1.61,0
130,E46,1.08,0
135,E46,3.14,0
136,E46,1.61,1
141,E46,3.46,0
172,E46,3.51,0
204,E46,3.18,0
262,E46,2.77,0
267,E46,2.84,0
316,E46,3.93,0
331,E46,3.55,0
343,E46,2.37,0
347,E46,2.81,0
374,E46,2.87,0
389,E46,2.42,0
393,E46,1.64,0
459,E46,2.96,0
029,E47,3.75,0
046,E47,4.5,0
053,E47,3.76,0
064,E47,2.92,0
081,E47,1.63,0
086,E47,4.5,0
120,E47,3.17,0
122,E47,2.28,0
125,E47,0.89,0
126,E47,2.83,0
129,E47,3.53,0
146,E47,3.21,0
208,E47,1.65,0
223,E47,1.33,0
229,E47,2.02,0
249,E47,3.52,0
281,E47,2.47,0
308,E47,1.0,0
320,E47,4.03,0
334,E47,3.31,0
406,E47,3.39,0
424,E47,4.47,0
433,E47,1.65,0
470,E47,1.97,0
499,E47,1.0,0
016,E48,1.83,0
042,E48,0.68,1
049,E48,2.35,0
064,E48,1.63,0
077,E48,3.55,0
090,E48,1.43,0
118,E48,2.08,0
131,E48,2.5,0
132,E48,2.36,0
185,E48,2.65,0
199,E48,2.94,0
213,E48,0.53,0
223,E48,0.54,0
237,E48,1.62,0
253,E48,0.7,0
273,E48,1.81,0
283,E48,2.7,0
290,E48,2.97,0
316,E48,3.81,0
355,E48,3.01,0
395,E48,4.1,0
452,E48,2.98,0
492,E48,2.87,0
024,E49,1.94,0
033,E49,2.46,0
044,E49,2.86,0
053,E49,0.05,0
059,E49,1.43,0
066,E49,2.84,0
071,E49,3.12,0
073,E49,2.35,0
094,E49,2.47,0
116,E49,0.82,0
119,E49,2.25,0
183,E49,1.64,0
188,E49,2.29,0
192,E49,4.42,0
194,E49,2.51,0
207,E49,2.58,0
239,E49,1.4,0
283,E49,2.19,0
325,E49,3.03,0
366,E49,2.41,0
399,E49,1.72,0
401,E49,1.92,0
409,E49,1.15,0
420,E49,2.0,0
442,E49,3.33,0
463,E49,2.56,0
471,E49,2.38,0
482,E49,2.7,0
001,E50,2.13,0
006,E50,3.97,0
035,E50,2.32,0
040,E50,0.76,0
070,E50,2.77,0
082,E50,1.43,0
087,E50,2.69,0
091,E50,1.48,0
119,E50,3.38,0
171,E50,2.72,0
183,E50,0.05,0
194,E50,2.54,0
219,E50,2.29,0
233,E50,2.28,0
292,E50,3.95,0
318,E50,3.01,0
356,E50,3.21,0
360,E50,3.93,0
387,E50,1.53,0
395,E50,2.44,0
409,E50,2.52,0
415,E50,4.5,0
429,E50,3.39,0
431,E50,3.18,0
432,E50,0.96,0
470,E50,1.66,0
474,E50,1.79,0
491,E50,2.89,0
498,E50,2.56,0
002,E51,2.5,0
053,E51,3.48,0
077,E51,2.06,0
094,E51,1.97,0
120,E51,3.29,0
129,E51,3.55,0
153,E51,1.26,0
155,E51,0.05,0
157,E51,1.92,0
158,E51,3.08,0
177,E51,0.95,0
253,E51,0.05,0
288,E51,4.29,0
291,E51,2.3,0
296,E51,2.01,0
306,E51,2.1,0
317,E51,3.49,0
322,E51,0.45,0
323,E51,1.75,0
327,E51,2.79,0
340,E51,3.35,0
352,E51,1.97,1
371,E51,1.03,0
384,E51,1.8,0
444,E51,1.02,0
450,E51,1.2,0
476,E51,2.86,0
480,E51,2.81,0
490,E51,1.64,0
500,E51,3.78,0
018,E52,1.22,0
033,E52,2.93,0
040,E52,2.61,0
068,E52,2.92,0
077,E52,3.76,0
092,E52,2.41,0
104,E52,3.03,0
120,E52,2.35,0
146,E52,4.5,0
189,E52,3.71,0
202,E52,1.14,0
213,E52,4.5,0
221,E52,1.76,0
227,E52,1.55,0
289,E52,2.1,0
297,E52,3.21,0
331,E52,2.17,0
333,E52,1.91,0
348,E52,1.29,0
363,E52,2.64,0
394,E52,3.05,0
450,E52,3.63,0
477,E52,2.32,0
485,E52,2.35,0
022,E53,3.94,0
030,E53,1.03,0
045,E53,4.5,0
093,E53,1.58,0
105,E53,1.92,0
149,E53,2.02,0
167,E53,4.07,0
169,E53,2.89,0
173,E53,1.91,0
174,E53,4.24,0
231,E53,2.44,0
270,E53,3.55,0
299,E53,3.71,0
301,E53,1.84,0
309,E53,2.27,0
314,E53,2.76,0
349,E53,2.18,0
355,E53,2.86,0
372,E53,3.89,0
377,E53,1.67,0
378,E53,2.73,0
390,E53,3.57,0
405,E53,1.5,0
414,E53,2.17,0
418,E53,3.92,0
457,E53,4.5,0
462,E53,2.88,0
469,E53,1.03,0
476,E53,2.65,0
477,E53,2.15,0
483,E53,3.96,0
487,E53,3.01,0
027,E54,2.15,0
044,E54,1.66,0
056,E54,4.03,0
063,E54,0.81,0
086,E54,2.47,0
119,E54,2.68,0
124,E54,3.09,0
150,E54,3.19,0
151,E54,3.27,0
159,E54,2.88,0
160,E54,4.01,0
161,E54,1.28,0
195,E54,4.5,0
237,E54,3.03,0
271,E54,2.74,0
273,E54,3.81,0
278,E54,2.94,0
293,E54,1.31,0
311,E54,2.14,0
317,E54,4.5,0
326,E54,3.35,0
331,E54,2.04,0
334,E54,1.95,0
335,E54,3.91,0
341,E54,1.49,0
370,E54,2.67,0
488,E54,2.17,0
003,E55,0.13,0
018,E55,0.31,0
034,E55,1.48,0
048,E55,1.6,0
056,E55,2.51,0
062,E55,1.91,0
080,E55,0.34,0
098,E55,1.77,0
101,E55,1.56,0
113,E55,3.99,0
134,E55,3.78,0
170,E55,2.01,0
213,E55,1.91,0
229,E55,4.35,0
238,E55,2.01,0
239,E55,3.1,0
252,E55,1.19,0
256,E55,3.44,0
258,E55,3.4,0
259,E55,2.77,0
264,E55,2.35,0
284,E55,2.65,0
300,E55,2.86,0
329,E55,1.7,0
338,E55,2.92,0
384,E55,2.47,0
387,E55,0.1,0
413,E55,2.11,0
416,E55,2.01,0
433,E55,3.31,0
443,E55,3.55,0
471,E55,2.29,0
005,E56,2.19,0
009,E56,0.93,0
014,E56,1.2,0
053,E56,1.85,0
105,E56,3.67,0
128,E56,3.65,0
138,E56,1.97,0
158,E56,2.01,0
167,E56,1.43,0
169,E56,3.75,0
188,E56,1.28,0
191,E56,1.08,0
200,E56,2.27,0
253,E56,1.26,0
260,E56,4.42,0
276,E56,1.9,0
292,E56,3.06,0
293,E56,2.28,0
339,E56,2.83,0
348,E56,3.24,0
394,E56,2.95,0
397,E56,1.65,0
410,E56,2.36,0
412,E56,3.51,0
427,E56,3.23,0
446,E56,2.91,0
472,E56,2.55,0
483,E56,2.39,0
009,E57,0.05,0
016,E57,1.76,0
025,E57,2.22,0
083,E57,3.36,0
087,E57,0.74,0
090,E57,3.02,0
103,E57,2.57,0
135,E57,1.33,0
139,E57,2.23,0
163,E57,3.21,0
174,E57,1.02,0
180,E57,1.32,0
191,E57,2.21,0
210,E57,4.36,0
229,E57,2.07,0
235,E57,2.45,0
256,E57,0.76,0
267,E57,0.52,0
304,E57,1.16,0
366,E57,3.68,0
370,E57,4.5,0
371,E57,4.38,0
390,E57,4.17,0
426,E57,3.28,0
479,E57,2.57,0
007,E58,4.37,0
008,E58,3.0,0
010,E58,3.29,0
025,E58,3.13,0
027,E58,0.38,0
078,E58,2.77,0
092,E58,1.96,0
103,E58,2.24,0
145,E58,3.4,0
163,E58,0.23,0
195,E58,2.42,0
227,E58,2.08,0
237,E58,2.44,0
256,E58,0.72,0
304,E58,3.15,0
331,E58,3.12,0
338,E58,4.5,0
392,E58,0.37,0
403,E58,3.1,0
425,E58,2.54,0
467,E58,4.42,0
479,E58,2.66,0
040,E59,1.24,0
058,E59,3.76,0
060,E59,0.97,0
098,E59,2.98,0
119,E59,0.16,0
159,E59,1.88,0
167,E59,0.05,0
175,E59,4.5,0
176,E59,3.76,0
225,E59,1.54,0
235,E59,1.71,0
266,E59,2.41,0
414,E59,2.88,0
418,E59,0.39,0
428,E59,3.62,1
007,E60,1.45,0
030,E60,2.16,0
053,E60,1.1,0
061,E60,1.76,0
067,E60,2.68,0
090,E60,3.91,0
123,E60,2.37,0
142,E60,3.18,0
153,E60,3.95,0
181,E60,3.25,0
221,E60,2.85,0
234,E60,0.7,0
257,E60,2.69,0
269,E60,3.47,0
303,E60,3.73,0
345,E60,4.04,0
357,E60,3.09,0
416,E60,0.7,0
457,E60,1.02,0
467,E60,1.1,0
008,E61,3.19,0
015,E61,2.25,0
025,E61,1.87,0
076,E61,2.83,0
131,E61,1.29,0
162,E61,3.75,0
169,E61,2.47,0
187,E61,4.5,0
189,E61,2.68,0
205,E61,2.34,0
224,E61,3.64,0
256,E61,3.7,0
259,E61,0.89,0
272,E61,2.45,0
293,E61,2.08,0
310,E61,4.08,0
339,E61,1.73,0
390,E61,2.02,0
455,E61,1.54,0
478,E61,3.03,0
066,E62,3.26,0
071,E62,1.89,0
075,E62,0.05,0
088,E62,0.63,0
091,E62,1.7,0
100,E62,0.9,0
109,E62,2.31,0
164,E62,1.55,0
184,E62,0.96,0
207,E62,4.26,0
224,E62,2.1,0
245,E62,3.98,0
247,E62,2.04,0
254,E62,1.92,0
272,E62,2.72,0
288,E62,2.85,0
291,E62,1.84,0
327,E62,3.54,0
372,E62,1.19,0
383,E62,1.68,0
420,E62,3.45,0
465,E62,0.94,0
497,E62,4.37,0
011,E63,2.78,0
076,E63,1.77,0
090,E63,2.86,0
095,E63,2.57,0
120,E63,0.54,0
187,E63,4.11,0
188,E63,0.32,0
207,E63,2.93,0
250,E63,0.05,0
251,E63,2.84,0
274,E63,0.89,0
289,E63,4.5,0
304,E63,3.31,0
327,E63,1.98,0
340,E63,2.06,0
379,E63,1.07,0
414,E63,1.32,0
418,E63,2.06,0
435,E63,3.58,0
445,E63,3.21,0
463,E63,2.27,0
478,E63,0.35,0
493,E63,1.76,0
038,E64,2.45,0
051,E64,1.36,0
078,E64,2.93,0
126,E64,1.31,0
137,E64,0.05,0
138,E64,4.5,0
178,E64,4.5,0
181,E64,1.03,0
194,E64,1.53,0
197,E64,4.45,0
266,E64,1.92,0
284,E64,3.22,0
298,E64,2.61,0
328,E64,2.15,0
330,E64,1.86,0
337,E64,3.66,0
340,E64,4.5,0
361,E64,2.85,0
364,E64,2.87,0
413,E64,1.75,0
421,E64,3.14,0
427,E64,3.21,0
452,E64,2.69,0
489,E64,2.49,0
491,E64,1.48,0
033,E65,4.5,0
036,E65,1.74,0
049,E65,3.66,0
075,E65,0.68,0
087,E65,2.3,0
116,E65,0.81,0
141,E65,1.27,0
157,E65,3.81,0
166,E65,3.32,0
178,E65,1.71,0
179,E65,3.36,0
226,E65,0.79,0
239,E65,4.5,0
252,E65,4.5,0
253,E65,2.65,0
284,E65,1.85,0
293,E65,3.28,0
329,E65,1.33,0
332,E65,1.45,0
344,E65,4.31,0
345,E65,0.05,0
362,E65,1.11,0
388,E65,3.29,0
422,E65,4.5,0
435,E65,3.56,0
438,E65,3.07,0
460,E65,1.68,0
467,E65,1.44,0
470,E65,1.09,0
003,E66,2.83,0
019,E66,4.5,0
039,E66,3.08,0
088,E66,4.27,0
099,E66,3.6,0
100,E66,0.93,0
116,E66,3.5,0
186,E66,4.5,1
210,E66,1.02,0
214,E66,1.52,0
217,E66,2.01,0
223,E66,3.59,0
227,E66,1.62,0
237,E66,0.85,0
245,E66,3.0,0
275,E66,3.09,0
281,E66,0.52,0
290,E66,1.94,0
298,E66,1.96,0
337,E66,1.59,0
351,E66,0.22,0
383,E66,3.64,0
400,E66,1.83,0
414,E66,1.28,0
425,E66,1.98,0
439,E66,2.95,0
462,E66,2.32,0
474,E66,2.45,0
481,E66,4.13,0
491,E66,1.74,0
496,E66,1.61,0
498,E66,2.98,0
499,E66,3.11,0
025,E67,3.05,0
035,E67,1.41,0
057,E67,1.75,0
084,E67,2.91,0
088,E67,3.39,0
099,E67,3.28,0
129,E67,4.5,0
162,E67,3.74,0
175,E67,1.22,0
194,E67,3.07,0
202,E67,1.45,0
220,E67,0.77,0
221,E67,4.5,0
228,E67,4.5,1
231,E67,3.77,0
235,E67,0.05,0
239,E67,2.66,0
251,E67,4.5,0
298,E67,2.42,0
309,E67,3.36,0
310,E67,2.18,0
344,E67,1.49,0
372,E67,1.51,0
413,E67,2.02,0
453,E67,3.62,0
007,E68,2.23,0
037,E68,2.34,0
060,E68,4.33,0
063,E68,3.54,0
082,E68,3.07,0
103,E68,1.85,0
112,E68,3.15,1
120,E68,2.75,0
134,E68,4.37,0
142,E68,1.85,0
174,E68,0.56,0
223,E68,1.01,0
256,E68,3.91,0
298,E68,1.57,0
332,E68,1.37,0
335,E68,4.24,0
350,E68,2.74,0
365,E68,2.81,0
403,E68,2.79,0
408,E68,1.38,0
435,E68,0.57,0
442,E68,2.03,0
453,E68,2.2,0
466,E68,0.96,0
490,E68,4.26,0
015,E69,3.31,0
024,E69,2.87,0
032,E69,3.72,0
041,E69,4.5,0
066,E69,2.38,0
157,E69,4.26,0
171,E69,2.17,0
229,E69,1.27,0
251,E69,2.98,0
256,E69,4.13,0
261,E69,1.58,0
294,E69,2.73,0
307,E69,2.56,0
320,E69,2.42,0
323,E69,3.17,0
329,E69,0.84,0
357,E69,4.5,0
387,E69,2.79,0
398,E69,4.1,1
406,E69,2.36,0
410,E69,2.21,0
462,E69,2.22,0
480,E69,1.7,0
483,E69,2.06,0
006,E70,3.27,0
022,E70,3.12,0
099,E70,2.18,0
102,E70,3.21,0
113,E70,2.84,0
116,E70,1.79,0
139,E70,2.11,0
157,E70,4.08,0
159,E70,3.21,0
175,E70,2.2,0
183,E70,2.72,0
205,E70,4.5,0
227,E70,1.34,0
231,E70,2.85,0
250,E70,3.03,0
319,E70,0.82,0
334,E70,1.78,0
340,E70,3.96,0
381,E70,1.3,0
441,E70,1.73,0
444,E70,3.16,0
457,E70,2.52,0
478,E70,1.89,0
009,E71,2.54,0
024,E71,3.88,0
028,E71,1.1,0
038,E71,2.72,0
070,E71,1.06,0
124,E71,2.89,0
129,E71,2.2,0
158,E71,2.2,0
198,E71,2.96,0
245,E71,4.5,0
254,E71,2.71,0
269,E71,2.62,0
270,E71,2.96,0
290,E71,0.05,0
305,E71,1.78,0
325,E71,3.87,0
331,E71,0.66,0
345,E71,0.82,0
346,E71,1.92,0
388,E71,4.5,0
396,E71,0.23,0
399,E71,1.66,0
423,E71,2.57,0
426,E71,2.41,0
427,E71,1.31,0
434,E71,2.09,0
481,E71,4.3,0
491,E71,2.45,0
492,E71,1.36,0
003,E72,2.49,0
007,E72,3.4,0
024,E72,1.04,0
038,E72,3.35,0
056,E72,0.87,0
084,E72,2.85,0
110,E72,1.69,0
133,E72,2.37,0
150,E72,3.64,0
159,E72,4.5,0
179,E72,0.34,0
192,E72,2.61,0
243,E72,1.61,0
248,E72,3.19,0
339,E72,1.77,0
342,E72,2.71,0
396,E72,1.75,0
407,E72,3.33,0
412,E72,2.49,0
476,E72,2.4,0
485,E72,4.29,0
034,E73,3.05,0
055,E73,2.32,0
072,E73,1.75,0
076,E73,1.59,0
086,E73,2.54,0
174,E73,1.38,0
210,E73,3.24,0
264,E73,4.5,0
335,E73,3.4,0
344,E73,2.51,0
348,E73,1.25,0
374,E73,0.84,0
378,E73,3.83,0
395,E73,3.47,0
409,E73,0.05,0
410,E73,1.63,0
417,E73,0.96,0
426,E73,2.08,0
445,E73,3.65,0
447,E73,1.27,0
461,E73,2.69,0
467,E73,1.7,0
473,E73,1.89,0
497,E73,3.03,0
019,E74,4.21,0
026,E74,3.55,0
039,E74,3.96,0
046,E74,3.5,0
067,E74,2.09,0
083,E74,3.09,0
086,E74,2.0,0
099,E74,0.79,0
132,E74,3.33,0
191,E74,4.5,0
262,E74,3.36,0
287,E74,2.59,0
294,E74,1.75,0
324,E74,2.55,0
331,E74,4.5,0
375,E74,2.75,0
405,E74,2.8,0
414,E74,2.13,0
423,E74,3.14,0
431,E74,2.32,0
434,E74,1.16,0
441,E74,0.21,0
478,E74,0.23,0
491,E74,1.17,0
007,E75,2.57,0
060,E75,1.56,0
111,E75,3.81,0
133,E75,2.0,0
170,E75,2.19,0
213,E75,0.9,0
231,E75,1.87,0
239,E75,2.16,0
245,E75,3.55,0
257,E75,2.67,0
264,E75,4.5,0
294,E75,1.13,0
295,E75,1.5,0
324,E75,2.25,0
340,E75,3.6,0
349,E75,2.69,0
369,E75,3.23,0
407,E75,2.05,0
410,E75,3.57,0
437,E75,2.81,0
446,E75,2.33,0
478,E75,3.71,0
489,E75,1.99,0
490,E75,0.91,0
492,E75,0.28,0
008,E76,2.61,0
012,E76,1.67,0
036,E76,4.5,0
045,E76,4.43,0
049,E76,3.9,0
052,E76,1.02,0
065,E76,2.86,0
073,E76,1.85,0
201,E76,1.6,0
205,E76,4.5,0
207,E76,4.5,0
235,E76,1.48,0
236,E76,1.34,0
264,E76,1.95,0
269,E76,1.42,0
348,E76,1.52,0
365,E76,1.73,0
377,E76,2.58,0
383,E76,2.68,0
402,E76,3.87,0
405,E76,0.57,0
419,E76,1.29,0
433,E76,2.21,0
081,E77,3.25,0
091,E77,3.17,0
101,E77,4.5,0
148,E77,3.3,0
152,E77,1.47,0
157,E77,2.46,0
178,E77,1.91,0
221,E77,0.78,0
244,E77,2.46,0
254,E77,4.2,0
266,E77,2.07,0
267,E77,2.7,0
283,E77,3.4,0
284,E77,0.85,0
318,E77,1.77,0
358,E77,2.79,0
384,E77,3.62,0
401,E77,2.61,0
411,E77,3.98,0
429,E77,1.25,0
462,E77,0.18,0
466,E77,2.54,0
487,E77,3.65,0
499,E77,3.47,0
027,E78,4.14,0
039,E78,0.05,0
044,E78,3.86,0
051,E78,4.5,0
054,E78,4.46,0
091,E78,3.5,0
093,E78,2.2,0
094,E78,0.97,0
141,E78,1.91,0
183,E78,2.98,0
215,E78,4.26,0
243,E78,1.51,0
249,E78,2.71,0
267,E78,2.07,0
289,E78,0.81,0
294,E78,1.69,0
335,E78,4.5,0
340,E78,3.48,0
353,E78,3.6,0
354,E78,1.54,0
389,E78,1.9,0
411,E78,4.21,0
463,E78,4.21,0
467,E78,2.94,0
468,E78,2.5,0
489,E78,2.08,0
496,E78,2.83,0
008,E79,2.76,0
034,E79,2.7,0
037,E79,2.2,0
053,E79,0.43,0
066,E79,1.93,0
072,E79,1.31,0
075,E79,1.9,0
082,E79,2.25,0
126,E79,2.31,0
139,E79,2.72,0
148,E79,3.63,0
160,E79,4.16,0
180,E79,1.82,0
187,E79,2.35,0
212,E79,1.08,0
215,E79,2.65,0
248,E79,2.22,0
269,E79,0.87,0
271,E79,3.2,0
277,E79,2.77,0
300,E79,2.64,0
304,E79,3.17,0
310,E79,2.18,0
313,E79,1.94,0
319,E79,2.45,0
331,E79,3.14,0
338,E79,2.04,0
358,E79,1.71,0
365,E79,4.01,0
377,E79,3.9,0
413,E79,3.79,0
415,E79,0.66,0
421,E79,2.07,0
473,E79,2.37,0
478,E79,2.27,0
483,E79,0.87,0
002,E80,2.55,0
033,E80,3.1,0
089,E80,3.11,0
137,E80,2.89,0
139,E80,2.21,0
193,E80,1.57,0
232,E80,4.35,0
258,E80,2.83,0
320,E80,3.68,0
332,E80,1.99,0
341,E80,4.01,0
342,E80,4.5,0
348,E80,1.06,0
366,E80,1.46,0
394,E80,1.66,0
429,E80,4.5,0
473,E80,4.5,0
481,E80,3.28,0
492,E80,1.74,0
034,E81,2.24,0
066,E81,3.49,0
073,E81,0.85,0
088,E81,2.54,0
110,E81,2.95,0
116,E81,1.71,0
149,E81,1.15,0
159,E81,3.12,0
169,E81,2.56,0
172,E81,2.45,0
189,E81,2.71,0
258,E81,1.08,0
274,E81,2.99,0
275,E81,1.82,0
294,E81,2.97,0
297,E81,2.49,0
312,E81,2.01,0
335,E81,2.74,0
353,E81,1.63,0
379,E81,3.54,0
456,E81,1.93,0
472,E81,1.78,0
488,E81,4.5,0
063,E82,3.95,0
071,E82,0.86,0
088,E82,1.72,0
106,E82,1.72,0
114,E82,3.22,0
143,E82,2.84,0
167,E82,2.35,0
191,E82,3.32,0
209,E82,2.1,0
223,E82,1.19,0
284,E82,0.47,0
292,E82,2.29,0
357,E82,4.5,0
358,E82,1.43,0
381,E82,4.5,0
413,E82,2.73,0
426,E82,0.92,0
433,E82,3.52,0
447,E82,1.41,0
487,E82,3.7,0
067,E83,1.76,0
079,E83,2.25,0
091,E83,2.66,0
117,E83,1.24,0
122,E83,2.6,0
130,E83,3.17,0
149,E83,2.8,0
158,E83,3.92,0
163,E83,2.39,0
183,E83,1.65,0
202,E83,2.84,0
220,E83,1.98,0
277,E83,3.11,0
290,E83,0.87,0
307,E83,2.28,0
332,E83,2.77,0
337,E83,2.67,0
349,E83,0.62,0
359,E83,0.87,0
380,E83,4.5,0
397,E83,3.6,0
420,E83,1.26,0
477,E83,2.84,0
011,E84,2.14,0
021,E84,1.71,0
029,E84,3.65,0
057,E84,2.64,0
063,E84,2.94,0
065,E84,2.86,0
103,E84,2.88,0
104,E84,4.26,0
126,E84,1.99,0
144,E84,3.68,0
147,E84,3.42,0
177,E84,2.58,0
200,E84,3.39,0
204,E84,3.17,0
205,E84,2.44,0
210,E84,1.07,0
217,E84,1.67,0
259,E84,1.94,0
295,E84,4.5,0
349,E84,1.59,0
368,E84,1.2,0
377,E84,2.09,0
383,E84,2.52,0
395,E84,2.23,0
418,E84,3.26,0
422,E84,1.27,0
455,E84,0.24,0
498,E84,3.09,0
105,E85,0.05,0
140,E85,1.97,0
145,E85,3.55,0
198,E85,2.37,0
206,E85,3.94,0
231,E85,3.39,0
242,E85,2.61,0
259,E85,3.24,0
274,E85,3.21,0
283,E85,1.26,0
290,E85,4.5,0
294,E85,4.5,0
343,E85,2.57,0
355,E85,1.26,0
356,E85,3.54,0
358,E85,1.24,0
372,E85,1.9,0
378,E85,3.46,0
456,E85,4.0,0
489,E85,3.22,0
491,E85,3.41,0
009,E86,1.16,0
061,E86,0.05,0
071,E86,3.39,0
084,E86,1.48,0
101,E86,2.37,0
103,E86,0.25,0
129,E86,1.88,0
134,E86,1.39,0
175,E86,0.83,0
188,E86,1.44,0
203,E86,3.66,0
222,E86,2.37,0
239,E86,2.97,0
269,E86,1.37,0
282,E86,2.15,0
427,E86,2.98,0
430,E86,2.0,0
442,E86,2.99,0
463,E86,2.18,0
489,E86,2.82,0
015,E87,2.06,0
029,E87,2.56,0
041,E87,3.65,0
149,E87,2.58,0
157,E87,1.92,0
163,E87,1.99,0
185,E87,1.69,0
213,E87,3.2,0
214,E87,2.97,0
254,E87,2.56,0
264,E87,0.89,0
269,E87,2.51,0
292,E87,2.66,0
339,E87,4.5,0
341,E87,1.68,0
376,E87,2.56,0
391,E87,1.23,0
397,E87,1.53,0
406,E87,3.31,0
410,E87,1.98,0
413,E87,3.05,0
432,E87,3.35,0
447,E87,3.0,0
465,E87,2.13,0
493,E87,4.5,0
019,E88,0.55,0
022,E88,3.2,0
029,E88,1.07,0
044,E88,3.78,0
081,E88,0.95,0
088,E88,2.93,0
093,E88,3.02,0
098,E88,0.87,0
102,E88,4.31,0
150,E88,1.36,0
152,E88,1.97,0
162,E88,4.5,0
184,E88,2.13,0
185,E88,2.45,0
201,E88,1.09,0
296,E88,1.95,0
304,E88,2.68,0
355,E88,3.09,0
374,E88,3.21,0
427,E88,2.76,0
475,E88,2.75,0
483,E88,2.83,0
049,E89,2.19,0
078,E89,1.49,0
088,E89,2.74,0
147,E89,1.44,0
148,E89,3.47,0
171,E89,3.52,0
236,E89,1.46,0
239,E89,0.05,0
243,E89,2.16,0
249,E89,1.17,0
253,E89,3.8,0
302,E89,2.64,0
311,E89,2.23,0
315,E89,1.41,0
318,E89,2.91,0
344,E89,3.24,0
353,E89,1.71,0
382,E89,2.37,0
395,E89,3.15,0
399,E89,1.19,0
409,E89,2.46,0
446,E89,2.65,0
482,E89,3.05,0
496,E89,2.25,0
001,E90,2.01,0
004,E90,2.7,0
005,E90,0.05,0
013,E90,2.97,0
054,E90,2.36,0
055,E90,0.85,0
097,E90,1.52,0
099,E90,1.06,0
161,E90,4.43,0
184,E90,0.94,0
187,E90,2.53,0
196,E90,1.49,0
200,E90,2.16,0
217,E90,3.75,0
235,E90,3.11,0
290,E90,2.89,0
355,E90,2.44,0
424,E90,3.18,0
462,E90,2.35,0
474,E90,1.76,0
479,E90,2.25,0
499,E90,1.73,0
013,E91,0.82,0
015,E91,2.78,0
021,E91,3.59,0
022,E91,3.39,0
033,E91,2.81,0
045,E91,0.68,0
053,E91,1.83,0
071,E91,1.08,0
099,E91,2.8,0
103,E91,4.42,0
114,E91,1.42,0
125,E91,2.04,0
142,E91,0.05,0
146,E91,2.97,0
172,E91,1.78,0
176,E91,2.77,0
210,E91,1.78,0
236,E91,2.9,0
268,E91,1.28,0
279,E91,1.71,0
296,E91,4.02,0
301,E91,1.61,0
303,E91,4.5,0
312,E91,2.91,0
342,E91,2.88,0
356,E91,2.58,0
362,E91,1.63,0
380,E91,1.79,0
386,E91,1.59,0
407,E91,0.05,0
452,E91,4.5,0
479,E91,3.93,0
020,E92,3.37,0
028,E92,4.44,0
030,E92,0.05,0
045,E92,3.93,0
071,E92,2.07,0
105,E92,0.97,0
108,E92,3.16,0
119,E92,2.18,0
137,E92,3.26,0
148,E92,2.82,0
151,E92,4.27,0
153,E92,3.33,0
159,E92,4.5,0
170,E92,1.83,0
175,E92,1.34,0
190,E92,4.5,0
200,E92,1.94,0
225,E92,2.97,0
227,E92,3.71,0
243,E92,3.06,0
258,E92,0.92,0
277,E92,1.38,0
278,E92,4.05,0
281,E92,2.95,0
342,E92,4.5,0
349,E92,4.5,0
360,E92,2.55,0
366,E92,3.54,0
387,E92,1.98,0
397,E92,4.02,0
422,E92,3.34,0
435,E92,3.2,0
445,E92,2.2,0
473,E92,2.96,0
017,E93,1.07,0
062,E93,1.81,0
076,E93,4.5,0
088,E93,2.02,0
098,E93,4.5,0
110,E93,0.86,0
134,E93,3.83,0
143,E93,1.6,0
155,E93,1.59,0
184,E93,2.78,0
208,E93,3.53,0
265,E93,1.85,0
280,E93,2.57,0
346,E93,3.3,0
347,E93,2.28,0
353,E93,1.32,0
356,E93,4.5,0
376,E93,2.61,0
414,E93,4.09,0
426,E93,1.18,0
432,E93,2.87,0
437,E93,3.06,0
440,E93,2.58,0
484,E93,2.17,0
008,E94,2.19,0
024,E94,4.01,0
034,E94,3.15,0
074,E94,4.11,0
084,E94,4.01,0
149,E94,3.61,0
160,E94,4.04,0
174,E94,2.98,0
203,E94,1.34,0
212,E94,1.41,0
219,E94,0.71,0
221,E94,3.84,0
250,E94,2.0,0
257,E94,3.39,0
273,E94,4.21,0
307,E94,1.86,0
317,E94,3.61,0
318,E94,2.82,0
358,E94,4.5,0
370,E94,1.01,0
371,E94,2.85,0
399,E94,1.39,0
417,E94,0.21,0
453,E94,3.04,0
469,E94,2.0,0
479,E94,3.92,0
497,E94,3.57,0
015,E95,3.55,0
018,E95,3.38,0
022,E95,3.48,0
030,E95,2.14,0
043,E95,2.06,0
060,E95,3.3,0
072,E95,1.59,0
074,E95,3.28,0
095,E95,3.66,0
134,E95,2.46,0
158,E95,2.54,0
171,E95,3.54,0
178,E95,3.2,0
185,E95,1.85,0
193,E95,2.12,0
210,E95,0.93,0
227,E95,1.46,0
235,E95,2.18,0
268,E95,2.05,0
297,E95,1.83,0
319,E95,2.0,0
402,E95,2.45,0
421,E95,2.53,0
461,E95,0.88,0
481,E95,1.02,0
020,E96,4.21,0
021,E96,1.68,0
066,E96,2.83,0
067,E96,2.39,0
090,E96,4.5,0
096,E96,3.89,0
106,E96,0.95,0
108,E96,4.33,0
128,E96,0.05,0
162,E96,3.76,0
171,E96,0.05,0
187,E96,4.5,0
196,E96,4.5,0
223,E96,1.88,0
234,E96,2.19,0
261,E96,0.97,0
276,E96,4.48,0
278,E96,2.02,0
281,E96,2.52,0
284,E96,2.69,0
286,E96,1.19,0
293,E96,3.17,0
312,E96,2.11,0
384,E96,2.21,0
388,E96,4.5,0
436,E96,3.42,0
443,E96,2.02,0
490,E96,0.83,0
039,E97,2.22,0
054,E97,2.63,0
055,E97,1.47,0
069,E97,2.56,0
100,E97,1.63,0
116,E97,3.81,0
121,E97,2.99,1
125,E97,4.5,0
155,E97,3.5,0
175,E97,2.97,0
192,E97,2.17,0
201,E97,3.45,0
208,E97,3.88,0
223,E97,2.84,0
227,E97,0.05,0
239,E97,1.76,0
287,E97,0.51,0
355,E97,3.45,0
381,E97,1.77,0
409,E97,1.45,0
434,E97,2.94,0
440,E97,3.03,0
008,E98,4.27,0
057,E98,2.25,0
067,E98,3.08,0
093,E98,1.07,0
118,E98,1.41,0
137,E98,2.94,0
157,E98,1.84,0
167,E98,2.19,0
169,E98,3.04,0
197,E98,2.47,0
200,E98,1.85,0
233,E98,2.66,0
256,E98,1.67,0
266,E98,2.31,0
325,E98,2.7,0
326,E98,3.75,0
337,E98,3.55,0
353,E98,1.99,0
413,E98,2.78,0
455,E98,2.94,0
456,E98,3.87,0
462,E98,2.26,0
473,E98,1.85,0
491,E98,4.33,0
052,E99,1.65,0
065,E99,2.42,0
087,E99,2.42,0
099,E99,1.69,0
104,E99,4.5,0
125,E99,4.17,0
171,E99,0.78,0
194,E99,2.76,0
207,E99,3.47,0
218,E99,3.19,1
220,E99,0.84,0
227,E99,2.08,0
257,E99,1.81,0
260,E99,3.75,0
295,E99,2.05,0
297,E99,2.1,0
299,E99,3.09,0
323,E99,1.53,0
348,E99,2.11,0
367,E99,4.5,0
375,E99,2.75,0
385,E99,0.82,0
389,E99,2.62,0
416,E99,2.14,0
456,E99,2.2,0
485,E99,1.08,0
068,E100,1.17,0
069,E100,2.36,0
073,E100,2.15,0
102,E100,3.6,0
111,E100,2.02,0
123,E100,1.04,0
143,E100,2.47,0
193,E100,4.2,0
237,E100,4.5,0
250,E100,1.76,0
288,E100,1.03,0
300,E100,1.86,0
324,E100,1.26,0
360,E100,3.11,0
362,E100,2.14,0
386,E100,1.24,0
403,E100,2.62,0
477,E100,3.75,0
494,E100,1.51,0
